,Model,Epoch,Train loss,Valid loss,Train accuracy,Valid accuracy,Train iou,Valid iou,Train Precision,Valid Precision,Train Recall,Valid Recall,Train AUC,Valid AUC
0,Model3,0,0.5081684031628615,0.4993166923522949,0.9626722931861877,0.9626738429069519,0.6660529375076294,0.6993948817253113,0.21143129467964172,0.25574520230293274,0.16123706102371216,0.21715427935123444,0.7772526144981384,0.829495370388031
1,Model3,1,0.48973984951215077,0.5130549073219299,0.963120698928833,0.9586157202720642,0.6801121830940247,0.638123631477356,0.2660413980484009,0.2730032503604889,0.233119398355484,0.246504545211792,0.8368750810623169,0.8420825600624084
2,Model3,2,0.4843458850652177,0.5066604018211365,0.9635251760482788,0.9538443088531494,0.6892416477203369,0.6500962376594543,0.2779727876186371,0.2814995348453522,0.2555393576622009,0.26363682746887207,0.8451168537139893,0.8477185368537903
3,Model3,3,0.47648983613544743,0.532403290271759,0.9645066261291504,0.967020571231842,0.7033328413963318,0.6973565220832825,0.28606948256492615,0.2911263704299927,0.27136340737342834,0.2761206328868866,0.8505508303642273,0.8527230620384216
4,Model3,4,0.47354076552075264,0.46808570623397827,0.9651457071304321,0.9567458033561707,0.7086409330368042,0.6733106374740601,0.29522281885147095,0.2990180253982544,0.2792862355709076,0.2849794924259186,0.8543761968612671,0.8562124967575073
