,Model,Epoch,Train loss,Valid loss,Train accuracy,Valid accuracy,Train iou,Valid iou,Train Precision,Valid Precision,Train Recall,Valid Recall,Train AUC,Valid AUC
0,Model2,0,0.5389154430651507,0.5328371524810791,0.9685290455818176,0.9668715000152588,0.7371824383735657,0.7271558046340942,0.12076367437839508,0.21010692417621613,0.027526678517460823,0.07097392529249191,0.6723251938819885,0.747567892074585
1,Model2,1,0.5166946693761459,0.5392721891403198,0.9641276001930237,0.958408534526825,0.7164633274078369,0.685676097869873,0.22055897116661072,0.22729270160198212,0.09512825310230255,0.11726503074169159,0.7625519037246704,0.7723842263221741
2,Model2,2,0.5131834748564966,0.5388213992118835,0.9634433388710022,0.9676430821418762,0.719623327255249,0.7457711100578308,0.230669766664505,0.23540467023849487,0.130643829703331,0.14091044664382935,0.7775015234947205,0.7817266583442688
3,Model2,3,0.5087920342060115,0.5205861926078796,0.9633861780166626,0.9643705487251282,0.7216855883598328,0.7303372025489807,0.23994180560112,0.2428286373615265,0.14918817579746246,0.15670834481716156,0.7855730652809143,0.7885857224464417
4,Model2,4,0.5071688377699315,0.5269799828529358,0.9633808732032776,0.9610783457756042,0.7233453392982483,0.7162729501724243,0.24625717103481293,0.2478303611278534,0.16335429251194,0.1687333583831787,0.7910242080688477,0.793248176574707
