,Model,Epoch,Train loss,Valid loss,Train accuracy,Valid accuracy,Train iou,Valid iou,Train Precision,Valid Precision,Train Recall,Valid Recall,Train AUC,Valid AUC
0,Model3,0,0.47700735926628113,0.48091521859169006,0.9623079895973206,0.9733071327209473,0.6267224550247192,0.7383720278739929,0.3086923360824585,0.5069838762283325,0.34469032287597656,0.19675450026988983,0.855012059211731,0.8708070516586304
1,Model3,1,0.44917032122612,0.6177098155021667,0.9664579629898071,0.8942607641220093,0.6819384098052979,0.40165382623672485,0.3762224018573761,0.15395793318748474,0.4105083644390106,0.6539857387542725,0.8786320090293884,0.8768327832221985
2,Model3,2,0.44154298305511475,0.4865724444389343,0.9672952890396118,0.9675086736679077,0.6913824081420898,0.6555396914482117,0.3913854956626892,0.35582900047302246,0.42973393201828003,0.25994107127189636,0.8875482082366943,0.8285728096961975
3,Model3,3,0.4363044798374176,0.4489968717098236,0.968502938747406,0.9626384973526001,0.6981034278869629,0.6585656404495239,0.40975716710090637,0.3544638752937317,0.43759438395500183,0.4774812161922455,0.8891457319259644,0.90896075963974
4,Model3,4,0.4315947890281677,0.48310279846191406,0.96848464012146,0.9723281860351562,0.6973361968994141,0.7022749185562134,0.4122033417224884,0.46582165360450745,0.45395469665527344,0.21168677508831024,0.8951293230056763,0.8190011978149414
