,Model,Epoch,Train loss,Valid loss,Train accuracy,Valid accuracy,Train iou,Valid iou,Train Precision,Valid Precision,Train Recall,Valid Recall,Train AUC,Valid AUC
0,Model1,0,0.5391136094789264,0.6181786060333252,0.9580285549163818,0.8619996905326843,0.33851689100265503,0.06431776285171509,0.08191528916358948,0.12857826054096222,0.12715815007686615,0.1333320289850235,0.752873420715332,0.7915739417076111
1,Model1,1,0.511393452189358,0.5248274803161621,0.9643450379371643,0.972861647605896,0.3223581612110138,0.7059680223464966,0.14775443077087402,0.16664230823516846,0.1593562513589859,0.16059625148773193,0.8004372715950012,0.8077948689460754
2,Model1,2,0.5027191256226138,0.512779951095581,0.9643401503562927,0.9699212312698364,0.32117336988449097,0.47599348425865173,0.18152400851249695,0.19577252864837646,0.1651601791381836,0.17200616002082825,0.8128133416175842,0.8175740242004395
3,Model1,3,0.4978284255600229,0.5294532179832458,0.9646469354629517,0.9390557408332825,0.3228881359100342,0.11071211099624634,0.20644645392894745,0.21567372977733612,0.17771504819393158,0.1875598430633545,0.8210917711257935,0.8243452310562134
4,Model1,4,0.49428478849044993,0.500511646270752,0.964841902256012,0.9671436548233032,0.32322826981544495,0.3684336841106415,0.22307196259498596,0.23029831051826477,0.1959609091281891,0.2005552351474762,0.8269066214561462,0.8291721343994141
